-- =============================================================================
-- SEED DATA - Finanças Pessoais
-- Dados de teste para desenvolvimento e validação
-- =============================================================================

-- Limpar dados existentes (em ordem de dependência)
TRUNCATE TABLE transactions CASCADE;
TRUNCATE TABLE goals CASCADE;
TRUNCATE TABLE categories CASCADE;
TRUNCATE TABLE users CASCADE;

-- =============================================================================
-- USUÁRIOS DE TESTE
-- =============================================================================

INSERT INTO users (id, clerk_id, email, display_name, avatar_url, created_at, updated_at) VALUES
  ('11111111-1111-1111-1111-111111111111', 'user_test_clt_001', 'maria.silva@email.com', 'Maria Silva', NULL, NOW(), NOW()),
  ('22222222-2222-2222-2222-222222222222', 'user_test_autonomo_001', 'joao.santos@email.com', 'João Santos', NULL, NOW(), NOW()),
  ('33333333-3333-3333-3333-333333333333', 'user_test_estudante_001', 'ana.oliveira@email.com', 'Ana Oliveira', NULL, NOW(), NOW());

-- =============================================================================
-- CATEGORIAS PADRÃO (para cada usuário)
-- =============================================================================

-- Categorias para Maria (CLT)
INSERT INTO categories (id, user_id, name, is_system, created_at, updated_at) VALUES
  ('c1111111-0001-0001-0001-000000000001', '11111111-1111-1111-1111-111111111111', 'Alimentação', true, NOW(), NOW()),
  ('c1111111-0001-0001-0001-000000000002', '11111111-1111-1111-1111-111111111111', 'Transporte', true, NOW(), NOW()),
  ('c1111111-0001-0001-0001-000000000003', '11111111-1111-1111-1111-111111111111', 'Moradia', true, NOW(), NOW()),
  ('c1111111-0001-0001-0001-000000000004', '11111111-1111-1111-1111-111111111111', 'Saúde', true, NOW(), NOW()),
  ('c1111111-0001-0001-0001-000000000005', '11111111-1111-1111-1111-111111111111', 'Lazer', true, NOW(), NOW()),
  ('c1111111-0001-0001-0001-000000000006', '11111111-1111-1111-1111-111111111111', 'Estudos e trabalho', true, NOW(), NOW()),
  ('c1111111-0001-0001-0001-000000000007', '11111111-1111-1111-1111-111111111111', 'Outros', true, NOW(), NOW()),
  ('c1111111-0001-0001-0001-000000000008', '11111111-1111-1111-1111-111111111111', 'Salário', false, NOW(), NOW());

-- Categorias para João (Autônomo)
INSERT INTO categories (id, user_id, name, is_system, created_at, updated_at) VALUES
  ('c2222222-0001-0001-0001-000000000001', '22222222-2222-2222-2222-222222222222', 'Alimentação', true, NOW(), NOW()),
  ('c2222222-0001-0001-0001-000000000002', '22222222-2222-2222-2222-222222222222', 'Transporte', true, NOW(), NOW()),
  ('c2222222-0001-0001-0001-000000000003', '22222222-2222-2222-2222-222222222222', 'Moradia', true, NOW(), NOW()),
  ('c2222222-0001-0001-0001-000000000004', '22222222-2222-2222-2222-222222222222', 'Saúde', true, NOW(), NOW()),
  ('c2222222-0001-0001-0001-000000000005', '22222222-2222-2222-2222-222222222222', 'Lazer', true, NOW(), NOW()),
  ('c2222222-0001-0001-0001-000000000006', '22222222-2222-2222-2222-222222222222', 'Estudos e trabalho', true, NOW(), NOW()),
  ('c2222222-0001-0001-0001-000000000007', '22222222-2222-2222-2222-222222222222', 'Outros', true, NOW(), NOW()),
  ('c2222222-0001-0001-0001-000000000008', '22222222-2222-2222-2222-222222222222', 'Freelance', false, NOW(), NOW()),
  ('c2222222-0001-0001-0001-000000000009', '22222222-2222-2222-2222-222222222222', 'Equipamentos', false, NOW(), NOW());

-- Categorias para Ana (Estudante)
INSERT INTO categories (id, user_id, name, is_system, created_at, updated_at) VALUES
  ('c3333333-0001-0001-0001-000000000001', '33333333-3333-3333-3333-333333333333', 'Alimentação', true, NOW(), NOW()),
  ('c3333333-0001-0001-0001-000000000002', '33333333-3333-3333-3333-333333333333', 'Transporte', true, NOW(), NOW()),
  ('c3333333-0001-0001-0001-000000000003', '33333333-3333-3333-3333-333333333333', 'Moradia', true, NOW(), NOW()),
  ('c3333333-0001-0001-0001-000000000004', '33333333-3333-3333-3333-333333333333', 'Saúde', true, NOW(), NOW()),
  ('c3333333-0001-0001-0001-000000000005', '33333333-3333-3333-3333-333333333333', 'Lazer', true, NOW(), NOW()),
  ('c3333333-0001-0001-0001-000000000006', '33333333-3333-3333-3333-333333333333', 'Estudos e trabalho', true, NOW(), NOW()),
  ('c3333333-0001-0001-0001-000000000007', '33333333-3333-3333-3333-333333333333', 'Outros', true, NOW(), NOW()),
  ('c3333333-0001-0001-0001-000000000008', '33333333-3333-3333-3333-333333333333', 'Bolsa/Estágio', false, NOW(), NOW()),
  ('c3333333-0001-0001-0001-000000000009', '33333333-3333-3333-3333-333333333333', 'Material Escolar', false, NOW(), NOW());

-- =============================================================================
-- TRANSAÇÕES DE TESTE - Maria (CLT, renda fixa)
-- =============================================================================

-- Março 2026
INSERT INTO transactions (id, user_id, category_id, type, amount, occurred_on, description, created_at, updated_at) VALUES
  -- Receitas
  ('t1111111-0001-0001-0001-000000000001', '11111111-1111-1111-1111-111111111111', 'c1111111-0001-0001-0001-000000000008', 'income', 4500.00, '2026-03-05', 'Salário março', NOW(), NOW()),
  -- Despesas
  ('t1111111-0001-0001-0001-000000000002', '11111111-1111-1111-1111-111111111111', 'c1111111-0001-0001-0001-000000000003', 'expense', 1200.00, '2026-03-10', 'Aluguel', NOW(), NOW()),
  ('t1111111-0001-0001-0001-000000000003', '11111111-1111-1111-1111-111111111111', 'c1111111-0001-0001-0001-000000000001', 'expense', 450.00, '2026-03-15', 'Supermercado', NOW(), NOW()),
  ('t1111111-0001-0001-0001-000000000004', '11111111-1111-1111-1111-111111111111', 'c1111111-0001-0001-0001-000000000002', 'expense', 280.00, '2026-03-12', 'Combustível', NOW(), NOW()),
  ('t1111111-0001-0001-0001-000000000005', '11111111-1111-1111-1111-111111111111', 'c1111111-0001-0001-0001-000000000004', 'expense', 150.00, '2026-03-20', 'Plano de saúde', NOW(), NOW()),
  ('t1111111-0001-0001-0001-000000000006', '11111111-1111-1111-1111-111111111111', 'c1111111-0001-0001-0001-000000000005', 'expense', 120.00, '2026-03-22', 'Cinema e jantar', NOW(), NOW()),
  ('t1111111-0001-0001-0001-000000000007', '11111111-1111-1111-1111-111111111111', 'c1111111-0001-0001-0001-000000000001', 'expense', 85.50, '2026-03-18', 'Almoço trabalho', NOW(), NOW());

-- Fevereiro 2026
INSERT INTO transactions (id, user_id, category_id, type, amount, occurred_on, description, created_at, updated_at) VALUES
  ('t1111111-0001-0001-0001-000000000008', '11111111-1111-1111-1111-111111111111', 'c1111111-0001-0001-0001-000000000008', 'income', 4500.00, '2026-02-05', 'Salário fevereiro', NOW(), NOW()),
  ('t1111111-0001-0001-0001-000000000009', '11111111-1111-1111-1111-111111111111', 'c1111111-0001-0001-0001-000000000003', 'expense', 1200.00, '2026-02-10', 'Aluguel', NOW(), NOW()),
  ('t1111111-0001-0001-0001-000000000010', '11111111-1111-1111-1111-111111111111', 'c1111111-0001-0001-0001-000000000001', 'expense', 520.00, '2026-02-15', 'Supermercado', NOW(), NOW());

-- =============================================================================
-- TRANSAÇÕES DE TESTE - João (Autônomo, renda variável)
-- =============================================================================

-- Março 2026
INSERT INTO transactions (id, user_id, category_id, type, amount, occurred_on, description, created_at, updated_at) VALUES
  -- Receitas (variáveis)
  ('t2222222-0001-0001-0001-000000000001', '22222222-2222-2222-2222-222222222222', 'c2222222-0001-0001-0001-000000000008', 'income', 2500.00, '2026-03-08', 'Projeto cliente A', NOW(), NOW()),
  ('t2222222-0001-0001-0001-000000000002', '22222222-2222-2222-2222-222222222222', 'c2222222-0001-0001-0001-000000000008', 'income', 1800.00, '2026-03-18', 'Projeto cliente B', NOW(), NOW()),
  ('t2222222-0001-0001-0001-000000000003', '22222222-2222-2222-2222-222222222222', 'c2222222-0001-0001-0001-000000000008', 'income', 950.00, '2026-03-25', 'Consultoria', NOW(), NOW()),
  -- Despesas
  ('t2222222-0001-0001-0001-000000000004', '22222222-2222-2222-2222-222222222222', 'c2222222-0001-0001-0001-000000000003', 'expense', 900.00, '2026-03-10', 'Aluguel escritório', NOW(), NOW()),
  ('t2222222-0001-0001-0001-000000000005', '22222222-2222-2222-2222-222222222222', 'c2222222-0001-0001-0001-000000000009', 'expense', 350.00, '2026-03-12', 'Software assinatura', NOW(), NOW()),
  ('t2222222-0001-0001-0001-000000000006', '22222222-2222-2222-2222-222222222222', 'c2222222-0001-0001-0001-000000000001', 'expense', 380.00, '2026-03-15', 'Alimentação', NOW(), NOW()),
  ('t2222222-0001-0001-0001-000000000007', '22222222-2222-2222-2222-222222222222', 'c2222222-0001-0001-0001-000000000002', 'expense', 200.00, '2026-03-20', 'Uber/transporte', NOW(), NOW());

-- =============================================================================
-- TRANSAÇÕES DE TESTE - Ana (Estudante, renda mista)
-- =============================================================================

-- Março 2026
INSERT INTO transactions (id, user_id, category_id, type, amount, occurred_on, description, created_at, updated_at) VALUES
  -- Receitas
  ('t3333333-0001-0001-0001-000000000001', '33333333-3333-3333-3333-333333333333', 'c3333333-0001-0001-0001-000000000008', 'income', 1200.00, '2026-03-05', 'Bolsa estágio', NOW(), NOW()),
  ('t3333333-0001-0001-0001-000000000002', '33333333-3333-3333-3333-333333333333', 'c3333333-0001-0001-0001-000000000007', 'income', 500.00, '2026-03-10', 'Ajuda família', NOW(), NOW()),
  -- Despesas
  ('t3333333-0001-0001-0001-000000000003', '33333333-3333-3333-3333-333333333333', 'c3333333-0001-0001-0001-000000000002', 'expense', 180.00, '2026-03-01', 'Passe mensal', NOW(), NOW()),
  ('t3333333-0001-0001-0001-000000000004', '33333333-3333-3333-3333-333333333333', 'c3333333-0001-0001-0001-000000000001', 'expense', 350.00, '2026-03-15', 'Alimentação mês', NOW(), NOW()),
  ('t3333333-0001-0001-0001-000000000005', '33333333-3333-3333-3333-333333333333', 'c3333333-0001-0001-0001-000000000009', 'expense', 120.00, '2026-03-12', 'Livros', NOW(), NOW()),
  ('t3333333-0001-0001-0001-000000000006', '33333333-3333-3333-3333-333333333333', 'c3333333-0001-0001-0001-000000000006', 'expense', 89.90, '2026-03-18', 'Curso online', NOW(), NOW()),
  ('t3333333-0001-0001-0001-000000000007', '33333333-3333-3333-3333-333333333333', 'c3333333-0001-0001-0001-000000000005', 'expense', 50.00, '2026-03-22', 'Cinema', NOW(), NOW());

-- =============================================================================
-- METAS DE TESTE
-- =============================================================================

-- Metas Maria (CLT)
INSERT INTO goals (id, user_id, name, target_amount, current_amount, due_date, status, created_at, updated_at) VALUES
  ('g1111111-0001-0001-0001-000000000001', '11111111-1111-1111-1111-111111111111', 'Reserva de emergência', 15000.00, 8500.00, '2026-12-31', 'active', NOW(), NOW()),
  ('g1111111-0001-0001-0001-000000000002', '11111111-1111-1111-1111-111111111111', 'Viagem de férias', 5000.00, 2200.00, '2026-07-01', 'active', NOW(), NOW()),
  ('g1111111-0001-0001-0001-000000000003', '11111111-1111-1111-1111-111111111111', 'Novo celular', 3000.00, 3000.00, '2026-02-28', 'completed', NOW(), NOW());

-- Metas João (Autônomo)
INSERT INTO goals (id, user_id, name, target_amount, current_amount, due_date, status, created_at, updated_at) VALUES
  ('g2222222-0001-0001-0001-000000000001', '22222222-2222-2222-2222-222222222222', 'Equipamento novo', 8000.00, 3500.00, '2026-06-30', 'active', NOW(), NOW()),
  ('g2222222-0001-0001-0001-000000000002', '22222222-2222-2222-2222-222222222222', 'Capital de giro', 10000.00, 6000.00, NULL, 'active', NOW(), NOW());

-- Metas Ana (Estudante)
INSERT INTO goals (id, user_id, name, target_amount, current_amount, due_date, status, created_at, updated_at) VALUES
  ('g3333333-0001-0001-0001-000000000001', '33333333-3333-3333-3333-333333333333', 'Notebook novo', 4000.00, 1200.00, '2026-08-01', 'active', NOW(), NOW()),
  ('g3333333-0001-0001-0001-000000000002', '33333333-3333-3333-3333-333333333333', 'Intercâmbio', 12000.00, 800.00, '2027-06-01', 'active', NOW(), NOW()),
  ('g3333333-0001-0001-0001-000000000003', '33333333-3333-3333-3333-333333333333', 'Material semestre', 500.00, 500.00, '2026-02-15', 'completed', NOW(), NOW());

-- =============================================================================
-- VERIFICAÇÃO
-- =============================================================================

-- Contagem de registros inseridos
SELECT 'users' as tabela, COUNT(*) as total FROM users
UNION ALL
SELECT 'categories', COUNT(*) FROM categories
UNION ALL
SELECT 'transactions', COUNT(*) FROM transactions
UNION ALL
SELECT 'goals', COUNT(*) FROM goals;
